{"information": {"custom_dataset/images/test/20230525_165005.jpg": {"shape": [4032, 3024], "labels": [[0.0, 0.46279799938201904, 0.49636200070381165, 0.749504029750824, 0.42989400029182434]]}, "custom_dataset/images/test/20230525_165724.jpg": {"shape": [3024, 4032], "labels": [[0.0, 0.31126001477241516, 0.6284719705581665, 0.5714290142059326, 0.7377650141716003]]}, "custom_dataset/images/test/20230525_165919.jpg": {"shape": [4032, 3024], "labels": [[1.0, 0.8253970146179199, 0.4305559992790222, 0.02628999948501587, 0.036375999450683594], [1.0, 0.8046879768371582, 0.42757898569107056, 0.028521999716758728, 0.04828000068664551], [1.0, 0.7839779853820801, 0.4341929852962494, 0.014384999871253967, 0.029100999236106873], [1.0, 0.7265620231628418, 0.4290669858455658, 0.02405799925327301, 0.03736799955368042], [1.0, 0.6170629858970642, 0.39748701453208923, 0.02628999948501587, 0.0522489994764328], [1.0, 0.5453870296478271, 0.38045600056648254, 0.022321000695228577, 0.05191799998283386], [1.0, 0.5904020071029663, 0.40707701444625854, 0.02703399956226349, 0.04298900067806244], [1.0, 0.5979660153388977, 0.43204399943351746, 0.01785700023174286, 0.026785999536514282], [1.0, 0.6231399774551392, 0.43716898560523987, 0.015625, 0.027116000652313232], [1.0, 0.6149550080299377, 0.4244379997253418, 0.01413699984550476, 0.0300929993391037], [1.0, 0.6388890147209167, 0.4130289852619171, 0.021825000643730164, 0.04100500047206879], [1.0, 0.6517860293388367, 0.416500985622406, 0.020337000489234924, 0.04199700057506561], [1.0, 0.67323899269104, 0.4289020001888275, 0.018105000257492065, 0.03306899964809418], [1.0, 0.6961809992790222, 0.4130289852619171, 0.02777799963951111, 0.04497399926185608], [1.0, 0.703620970249176, 0.4460979998111725, 0.023313000798225403, 0.029100999236106873], [1.0, 0.2146580070257187, 0.35929200053215027, 0.015128999948501587, 0.03802900016307831], [1.0, 0.1879960000514984, 0.36441799998283386, 0.012896999716758728, 0.04828000068664551], [1.0, 0.1485619992017746, 0.37003999948501587, 0.010417000390589237, 0.039021000266075134], [1.0, 0.12413199990987778, 0.3568120002746582, 0.011160999536514282, 0.04100500047206879], [1.0, 0.3793399930000305, 0.3829370141029358, 0.019593000411987305, 0.04298900067806244], [1.0, 0.47482600808143616, 0.37235400080680847, 0.02554599940776825, 0.05423299968242645], [1.0, 0.42026299238204956, 0.3754960000514984, 0.021577000617980957, 0.043981000781059265], [1.0, 0.3240329921245575, 0.4060850143432617, 0.015625, 0.04298900067806244], [1.0, 0.33866599202156067, 0.4090610146522522, 0.010665000416338444, 0.03703700006008148], [1.0, 0.34994998574256897, 0.38888901472091675, 0.01488099992275238, 0.04497399926185608], [1.0, 0.39992600679397583, 0.41848498582839966, 0.012648999691009521, 0.036044999957084656], [1.0, 0.4502730071544647, 0.3925260007381439, 0.015625, 0.04232800006866455], [1.0, 0.4502730071544647, 0.41451698541641235, 0.015625, 0.036044999957084656], [1.0, 0.45560500025749207, 0.4421299993991852, 0.011408999562263489, 0.021164000034332275], [1.0, 0.46651801466941833, 0.4255949854850769, 0.008929000236093998, 0.023809999227523804], [1.0, 0.47805100679397583, 0.41402098536491394, 0.009673000313341618, 0.029100999236106873], [1.0, 0.48673099279403687, 0.40806901454925537, 0.012152999639511108, 0.02513200044631958], [1.0, 0.509672999382019, 0.4500660002231598, 0.012896999716758728, 0.027116000652313232], [1.0, 0.5202130079269409, 0.39748701453208923, 0.01711300015449524, 0.0403439998626709], [1.0, 0.5157489776611328, 0.4260909855365753, 0.01413699984550476, 0.02281700074672699], [1.0, 0.5513389706611633, 0.41749298572540283, 0.011904999613761902, 0.03207699954509735], [1.0, 0.5363339781761169, 0.4209659993648529, 0.010665000416338444, 0.029100999236106873], [1.0, 0.2620289921760559, 0.39236098527908325, 0.010665000416338444, 0.02810800075531006]]}, "custom_dataset/images/test/20230525_170007.jpg": {"shape": [4032, 3024], "labels": [[1.0, 0.9580850005149841, 0.46875, 0.06746000051498413, 0.08366400003433228], [1.0, 0.939732015132904, 0.48594599962234497, 0.05109100043773651, 0.06845200061798096], [1.0, 0.9250990152359009, 0.49173301458358765, 0.051587000489234924, 0.07341299951076508], [1.0, 0.9128220081329346, 0.49404799938201904, 0.05332300066947937, 0.06746000051498413], [1.0, 0.8820679783821106, 0.50975501537323, 0.0349700003862381, 0.045965999364852905], [1.0, 0.899429976940155, 0.5173609852790833, 0.03645800054073334, 0.05257900059223175], [1.0, 0.8229169845581055, 0.4586640000343323, 0.057043999433517456, 0.07605800032615662], [1.0, 0.8240330219268799, 0.4740409851074219, 0.045882999897003174, 0.061177000403404236], [1.0, 0.8196920156478882, 0.494378000497818, 0.05605199933052063, 0.068121999502182], [1.0, 0.6816719770431519, 0.4421299993991852, 0.05332300066947937, 0.08597899973392487], [1.0, 0.6940720081329346, 0.46742698550224304, 0.04836300015449524, 0.06382299959659576], [1.0, 0.6953120231628418, 0.4904100000858307, 0.045882999897003174, 0.05291000008583069], [1.0, 0.7089530229568481, 0.4971889853477478, 0.04241099953651428, 0.058531999588012695], [1.0, 0.7253220081329346, 0.5262899994850159, 0.03249000012874603, 0.04728800058364868], [1.0, 0.5186010003089905, 0.44791701436042786, 0.0505950003862381, 0.06845200061798096], [1.0, 0.5405510067939758, 0.46511200070381165, 0.05977199971675873, 0.07771199941635132], [1.0, 0.5522069931030273, 0.4880949854850769, 0.05679599940776825, 0.07605800032615662], [1.0, 0.5745289921760559, 0.5018190145492554, 0.041418999433517456, 0.053240999579429626], [1.0, 0.5889139771461487, 0.5066140294075012, 0.03645800054073334, 0.051587000489234924], [1.0, 0.603422999382019, 0.5218250155448914, 0.04563499987125397, 0.06481499969959259], [1.0, 0.5714290142059326, 0.5575399994850159, 0.02777799963951111, 0.03571400046348572], [1.0, 0.4603169858455658, 0.5395169854164124, 0.04414699971675873, 0.049272000789642334], [1.0, 0.48214301466941833, 0.5486109852790833, 0.040674999356269836, 0.05357100069522858], [1.0, 0.49342799186706543, 0.562004029750824, 0.028521999716758728, 0.043981000781059265], [1.0, 0.5109130144119263, 0.5606809854507446, 0.03125, 0.04728800058364868], [1.0, 0.06299600005149841, 0.4806550145149231, 0.04960300028324127, 0.0625], [1.0, 0.057415999472141266, 0.5228170156478882, 0.04340299963951111, 0.06613799929618835], [1.0, 0.09920600056648254, 0.4857800006866455, 0.055059999227523804, 0.07804200053215027], [1.0, 0.1019349992275238, 0.5264549851417542, 0.04414699971675873, 0.05753999948501587], [1.0, 0.156126007437706, 0.5039680004119873, 0.04836300015449524, 0.06613799929618835], [1.0, 0.17720699310302734, 0.45750701427459717, 0.06374000012874603, 0.08432500064373016], [1.0, 0.1752229928970337, 0.5509260296821594, 0.03546600043773651, 0.056216999888420105], [1.0, 0.2064729928970337, 0.5175259709358215, 0.04836300015449524, 0.06216900050640106], [1.0, 0.21552599966526031, 0.4834659993648529, 0.051587000489234924, 0.07341299951076508], [1.0, 0.20969699323177338, 0.552249014377594, 0.0349700003862381, 0.04960300028324127], [1.0, 0.23896299302577972, 0.5367059707641602, 0.0389380007982254, 0.050925999879837036], [1.0, 0.2414429932832718, 0.579695999622345, 0.031001999974250793, 0.04100500047206879], [1.0, 0.23673099279403687, 0.5567129850387573, 0.03695400059223175, 0.053240999579429626], [1.0, 0.26302099227905273, 0.49966898560523987, 0.04489099979400635, 0.05753999948501587], [1.0, 0.29092299938201904, 0.4475859999656677, 0.05952399969100952, 0.08432500064373016], [1.0, 0.2689729928970337, 0.5413359999656677, 0.04191499948501587, 0.05291000008583069], [1.0, 0.295758992433548, 0.5165339708328247, 0.045882999897003174, 0.06018500030040741], [1.0, 0.45089301466941833, 0.5333989858627319, 0.040674999356269836, 0.051587000489234924], [1.0, 0.429190993309021, 0.5233129858970642, 0.04389899969100952, 0.06316100060939789], [1.0, 0.397693008184433, 0.5089290142059326, 0.04985100030899048, 0.0687830001115799], [1.0, 0.4330359995365143, 0.562995970249176, 0.033730000257492065, 